id,predicted_state,predicted_intensity,confidence,uncertain_flag,what_to_do,when_to_do
1,focused,3,0.94140804,False,no_action_needed,none
2,restless,3,0.9446621,False,review_daily_schedule,next_transition
3,calm,3,0.8454767,False,no_action_needed,none
4,neutral,1,0.68632966,False,no_action_needed,none
5,overwhelmed,5,0.8403959,False,suggest_short_break,immediate
6,calm,3,0.9196883,False,no_action_needed,none
7,neutral,1,0.8280777,False,no_action_needed,none
8,restless,4,0.9082515,False,suggest_short_break,immediate
9,restless,4,0.9391775,False,suggest_short_break,immediate
10,focused,3,0.9180052,False,no_action_needed,none
11,restless,4,0.805207,False,suggest_short_break,immediate
12,focused,4,0.8748785,False,maintain_momentum,none
13,mixed,2,0.86904037,False,log_gratitude_journal,evening
14,restless,4,0.8738423,False,suggest_short_break,immediate
15,calm,2,0.7321962,False,no_action_needed,none
16,focused,2,0.9079366,False,no_action_needed,none
17,mixed,3,0.96390134,False,log_gratitude_journal,evening
18,overwhelmed,4,0.88320565,False,suggest_short_break,immediate
19,focused,4,0.8156138,False,maintain_momentum,none
20,focused,2,0.84996915,False,no_action_needed,none
21,mixed,3,0.9063834,False,log_gratitude_journal,evening
22,overwhelmed,4,0.94412565,False,suggest_short_break,immediate
23,overwhelmed,5,0.8023959,False,suggest_short_break,immediate
24,mixed,4,0.9441622,False,log_gratitude_journal,evening
25,overwhelmed,4,0.90772545,False,suggest_short_break,immediate
26,neutral,2,0.98171604,False,no_action_needed,none
27,focused,4,0.9079396,False,maintain_momentum,none
28,calm,3,0.65377843,False,no_action_needed,none
29,focused,4,0.90631974,False,maintain_momentum,none
30,calm,2,0.9492277,False,no_action_needed,none
31,overwhelmed,5,0.88197505,False,suggest_short_break,immediate
32,calm,4,0.94999087,False,maintain_momentum,none
33,focused,2,0.853475,False,no_action_needed,none
34,neutral,2,0.88815284,False,no_action_needed,none
35,focused,3,0.928375,False,no_action_needed,none
36,neutral,2,0.954327,False,no_action_needed,none
37,mixed,4,0.89616585,False,log_gratitude_journal,evening
38,overwhelmed,5,0.8947003,False,suggest_short_break,immediate
39,calm,2,0.8035142,False,no_action_needed,none
40,neutral,1,0.93821824,False,no_action_needed,none
41,neutral,2,0.9112855,False,no_action_needed,none
42,mixed,4,0.7076869,False,log_gratitude_journal,evening
43,focused,2,0.68594277,False,no_action_needed,none
44,restless,3,0.9190717,False,review_daily_schedule,next_transition
45,restless,4,0.9101107,False,suggest_short_break,immediate
46,mixed,2,0.7668671,False,log_gratitude_journal,evening
47,calm,4,0.92458737,False,maintain_momentum,none
48,neutral,1,0.877449,False,no_action_needed,none
49,calm,4,0.8101956,False,maintain_momentum,none
50,restless,4,0.8575207,False,suggest_short_break,immediate
51,neutral,2,0.8666243,False,no_action_needed,none
52,mixed,4,0.93349874,False,log_gratitude_journal,evening
53,calm,4,0.74192894,False,maintain_momentum,none
54,overwhelmed,5,0.806224,False,suggest_short_break,immediate
55,calm,4,0.85960686,False,maintain_momentum,none
56,calm,3,0.8807161,False,no_action_needed,none
57,calm,3,0.80189955,False,no_action_needed,none
58,restless,5,0.74725366,False,suggest_short_break,immediate
59,focused,3,0.8582922,False,no_action_needed,none
60,neutral,3,0.8121524,False,no_action_needed,none
61,restless,3,0.7922547,False,review_daily_schedule,next_transition
62,mixed,4,0.82876074,False,log_gratitude_journal,evening
63,overwhelmed,5,0.87919,False,suggest_short_break,immediate
64,focused,2,0.8048277,False,no_action_needed,none
65,mixed,2,0.87394774,False,log_gratitude_journal,evening
66,calm,4,0.86394256,False,maintain_momentum,none
67,restless,4,0.8683709,False,suggest_short_break,immediate
68,focused,4,0.8871981,False,maintain_momentum,none
69,overwhelmed,5,0.8724674,False,suggest_short_break,immediate
70,calm,3,0.844751,False,no_action_needed,none
71,overwhelmed,5,0.8662121,False,suggest_short_break,immediate
72,overwhelmed,4,0.8792409,False,suggest_short_break,immediate
73,neutral,1,0.82639337,False,no_action_needed,none
74,neutral,1,0.8108181,False,no_action_needed,none
75,restless,4,0.9341378,False,suggest_short_break,immediate
76,neutral,2,0.77250135,False,no_action_needed,none
77,mixed,3,0.82871085,False,log_gratitude_journal,evening
78,mixed,3,0.75758237,False,log_gratitude_journal,evening
79,mixed,3,0.8567582,False,log_gratitude_journal,evening
80,focused,3,0.8963257,False,no_action_needed,none
81,calm,3,0.7382616,False,no_action_needed,none
82,focused,4,0.8032387,False,maintain_momentum,none
83,focused,4,0.7941181,False,maintain_momentum,none
84,calm,3,0.80000603,False,no_action_needed,none
85,overwhelmed,5,0.7429569,False,suggest_short_break,immediate
86,calm,2,0.98291457,False,no_action_needed,none
87,mixed,3,0.87967527,False,log_gratitude_journal,evening
88,neutral,1,0.8764343,False,no_action_needed,none
89,restless,4,0.87717134,False,suggest_short_break,immediate
90,restless,4,0.92531705,False,suggest_short_break,immediate
91,neutral,1,0.8779995,False,no_action_needed,none
92,neutral,1,0.9571235,False,no_action_needed,none
93,restless,4,0.9547764,False,suggest_short_break,immediate
94,restless,4,0.8458085,False,suggest_short_break,immediate
95,neutral,2,0.67159027,False,no_action_needed,none
96,restless,4,0.95156693,False,suggest_short_break,immediate
97,mixed,2,0.89758813,False,log_gratitude_journal,evening
98,restless,4,0.9181675,False,suggest_short_break,immediate
99,focused,2,0.90576744,False,no_action_needed,none
100,mixed,2,0.8252822,False,log_gratitude_journal,evening
101,mixed,4,0.7567582,False,log_gratitude_journal,evening
102,calm,2,0.782496,False,no_action_needed,none
103,restless,3,0.9050375,False,review_daily_schedule,next_transition
104,calm,3,0.898548,False,no_action_needed,none
105,overwhelmed,4,0.9054177,False,suggest_short_break,immediate
106,restless,5,0.7784004,False,suggest_short_break,immediate
107,focused,3,0.9332742,False,no_action_needed,none
108,mixed,4,0.9170431,False,log_gratitude_journal,evening
109,calm,3,0.8632623,False,no_action_needed,none
110,focused,3,0.8026305,False,no_action_needed,none
111,mixed,2,0.7806072,False,log_gratitude_journal,evening
112,calm,3,0.90128845,False,no_action_needed,none
113,overwhelmed,4,0.91510403,False,suggest_short_break,immediate
114,calm,4,0.87258756,False,maintain_momentum,none
115,overwhelmed,4,0.82776034,False,suggest_short_break,immediate
116,neutral,2,0.8314082,False,no_action_needed,none
117,overwhelmed,5,0.8073648,False,suggest_short_break,immediate
118,overwhelmed,4,0.9082965,False,suggest_short_break,immediate
119,restless,4,0.87714237,False,suggest_short_break,immediate
120,calm,3,0.8678237,False,no_action_needed,none
121,mixed,5,0.87408584,False,log_gratitude_journal,evening
122,neutral,1,0.77782047,False,no_action_needed,none
123,overwhelmed,2,0.8762718,False,review_daily_schedule,next_transition
124,mixed,1,0.9108981,False,log_gratitude_journal,evening
125,neutral,3,0.86286616,False,no_action_needed,none
126,calm,5,0.8939506,False,maintain_momentum,none
127,overwhelmed,4,0.8803004,False,suggest_short_break,immediate
128,neutral,3,0.91756195,False,no_action_needed,none
129,neutral,3,0.8737821,False,no_action_needed,none
130,restless,4,0.81361854,False,suggest_short_break,immediate
131,focused,2,0.7638688,False,no_action_needed,none
132,neutral,5,0.6806037,False,maintain_momentum,none
133,overwhelmed,2,0.8689338,False,review_daily_schedule,next_transition
134,focused,2,0.8979232,False,no_action_needed,none
135,focused,4,0.88529193,False,maintain_momentum,none
136,focused,1,0.8583849,False,no_action_needed,none
137,neutral,2,0.90076244,False,no_action_needed,none
138,restless,3,0.80027103,False,review_daily_schedule,next_transition
139,calm,1,0.89255273,False,no_action_needed,none
140,calm,3,0.88770115,False,no_action_needed,none
141,calm,5,0.8541175,False,maintain_momentum,none
142,neutral,5,0.80644214,False,maintain_momentum,none
143,mixed,2,0.8908519,False,log_gratitude_journal,evening
144,focused,1,0.8498162,False,no_action_needed,none
145,calm,1,0.7901067,False,no_action_needed,none
146,mixed,3,0.8742465,False,log_gratitude_journal,evening
147,neutral,3,0.80923605,False,no_action_needed,none
148,focused,3,0.7309598,False,no_action_needed,none
149,focused,2,0.71675277,False,no_action_needed,none
150,focused,5,0.69045556,False,maintain_momentum,none
151,neutral,2,0.9184333,False,no_action_needed,none
152,restless,3,0.8593331,False,review_daily_schedule,next_transition
153,neutral,4,0.7972723,False,maintain_momentum,none
154,neutral,5,0.72939515,False,maintain_momentum,none
155,mixed,1,0.86886334,False,log_gratitude_journal,evening
156,overwhelmed,1,0.8423668,False,review_daily_schedule,next_transition
157,neutral,2,0.81372404,False,no_action_needed,none
158,calm,3,0.7111913,False,no_action_needed,none
159,calm,4,0.63700604,False,maintain_momentum,none
160,overwhelmed,2,0.9459162,False,review_daily_schedule,next_transition
161,overwhelmed,2,0.8625535,False,review_daily_schedule,next_transition
162,mixed,3,0.7539703,False,log_gratitude_journal,evening
163,mixed,5,0.76458436,False,log_gratitude_journal,evening
164,neutral,4,0.7167601,False,maintain_momentum,none
165,calm,1,0.8468981,False,no_action_needed,none
166,focused,4,0.8371141,False,maintain_momentum,none
167,restless,1,0.86286634,False,review_daily_schedule,next_transition
168,overwhelmed,1,0.8975064,False,review_daily_schedule,next_transition
169,neutral,3,0.82623875,False,no_action_needed,none
170,neutral,1,0.8670684,False,no_action_needed,none
171,mixed,1,0.8526304,False,log_gratitude_journal,evening
172,focused,1,0.8187921,False,no_action_needed,none
173,mixed,4,0.73882616,False,log_gratitude_journal,evening
174,calm,3,0.70796007,False,no_action_needed,none
175,overwhelmed,1,0.7443553,False,review_daily_schedule,next_transition
176,restless,5,0.80490685,False,suggest_short_break,immediate
177,overwhelmed,4,0.8171468,False,suggest_short_break,immediate
178,calm,5,0.8038906,False,maintain_momentum,none
179,overwhelmed,2,0.83805025,False,review_daily_schedule,next_transition
180,mixed,5,0.874587,False,log_gratitude_journal,evening
181,mixed,3,0.78035367,False,log_gratitude_journal,evening
182,mixed,3,0.7730274,False,log_gratitude_journal,evening
183,calm,2,0.7726901,False,no_action_needed,none
184,mixed,5,0.8372747,False,log_gratitude_journal,evening
185,restless,5,0.77939856,False,suggest_short_break,immediate
186,calm,4,0.83763784,False,maintain_momentum,none
187,mixed,5,0.7833135,False,log_gratitude_journal,evening
188,overwhelmed,3,0.9068855,False,review_daily_schedule,next_transition
189,neutral,5,0.91748524,False,maintain_momentum,none
190,focused,1,0.8634339,False,no_action_needed,none
191,focused,5,0.7674838,False,maintain_momentum,none
192,calm,1,0.8596004,False,no_action_needed,none
193,overwhelmed,5,0.8025619,False,suggest_short_break,immediate
194,overwhelmed,3,0.8773758,False,review_daily_schedule,next_transition
195,focused,4,0.85112613,False,maintain_momentum,none
196,mixed,2,0.8505808,False,log_gratitude_journal,evening
197,overwhelmed,5,0.8172889,False,suggest_short_break,immediate
198,mixed,1,0.9165157,False,log_gratitude_journal,evening
199,calm,4,0.8878659,False,maintain_momentum,none
200,calm,3,0.77443194,False,no_action_needed,none
201,calm,3,0.78982353,False,no_action_needed,none
202,neutral,5,0.8822983,False,maintain_momentum,none
203,overwhelmed,2,0.782567,False,review_daily_schedule,next_transition
204,calm,5,0.83861923,False,maintain_momentum,none
205,restless,3,0.87872815,False,review_daily_schedule,next_transition
206,restless,1,0.76952016,False,review_daily_schedule,next_transition
207,overwhelmed,4,0.71058345,False,suggest_short_break,immediate
208,restless,4,0.9119487,False,suggest_short_break,immediate
209,focused,3,0.69668186,False,no_action_needed,none
210,overwhelmed,2,0.8416493,False,review_daily_schedule,next_transition
211,focused,3,0.9244288,False,no_action_needed,none
212,mixed,1,0.779854,False,log_gratitude_journal,evening
213,mixed,4,0.709248,False,log_gratitude_journal,evening
214,neutral,2,0.9244193,False,no_action_needed,none
215,mixed,1,0.8142746,False,log_gratitude_journal,evening
216,calm,5,0.7935256,False,maintain_momentum,none
217,restless,4,0.771801,False,suggest_short_break,immediate
218,restless,4,0.90705156,False,suggest_short_break,immediate
219,mixed,3,0.87062657,False,log_gratitude_journal,evening
220,calm,4,0.7833904,False,maintain_momentum,none
221,restless,5,0.7250792,False,suggest_short_break,immediate
222,mixed,2,0.71548724,False,log_gratitude_journal,evening
223,calm,4,0.73289484,False,maintain_momentum,none
224,calm,4,0.8269414,False,maintain_momentum,none
225,focused,3,0.8619982,False,no_action_needed,none
226,restless,5,0.751371,False,suggest_short_break,immediate
227,calm,5,0.92824125,False,maintain_momentum,none
228,mixed,5,0.7858882,False,log_gratitude_journal,evening
229,restless,3,0.8256018,False,review_daily_schedule,next_transition
230,neutral,3,0.68658787,False,no_action_needed,none
231,overwhelmed,3,0.78856695,False,review_daily_schedule,next_transition
232,overwhelmed,2,0.8444759,False,review_daily_schedule,next_transition
233,focused,5,0.7419598,False,maintain_momentum,none
234,restless,4,0.87932086,False,suggest_short_break,immediate
235,restless,1,0.903949,False,review_daily_schedule,next_transition
236,overwhelmed,4,0.77719235,False,suggest_short_break,immediate
237,focused,3,0.8451488,False,no_action_needed,none
238,restless,2,0.7863234,False,review_daily_schedule,next_transition
239,neutral,5,0.8727694,False,maintain_momentum,none
240,overwhelmed,3,0.9157783,False,review_daily_schedule,next_transition
241,neutral,3,0.8470645,False,no_action_needed,none
242,calm,2,0.7960191,False,no_action_needed,none
243,focused,4,0.7252841,False,maintain_momentum,none
244,calm,5,0.8228538,False,maintain_momentum,none
245,focused,5,0.8326443,False,maintain_momentum,none
246,calm,3,0.8203125,False,no_action_needed,none
247,mixed,2,0.69704723,False,log_gratitude_journal,evening
248,overwhelmed,1,0.71191335,False,review_daily_schedule,next_transition
249,mixed,2,0.874367,False,log_gratitude_journal,evening
250,overwhelmed,1,0.87102556,False,review_daily_schedule,next_transition
251,neutral,4,0.8000629,False,maintain_momentum,none
252,calm,1,0.85350055,False,no_action_needed,none
253,overwhelmed,3,0.8240926,False,review_daily_schedule,next_transition
254,overwhelmed,1,0.930691,False,review_daily_schedule,next_transition
255,restless,2,0.8644289,False,review_daily_schedule,next_transition
256,calm,5,0.85896546,False,maintain_momentum,none
257,restless,2,0.7903111,False,review_daily_schedule,next_transition
258,mixed,4,0.82996583,False,log_gratitude_journal,evening
259,focused,4,0.78430325,False,maintain_momentum,none
260,restless,1,0.82639235,False,review_daily_schedule,next_transition
261,focused,3,0.7943673,False,no_action_needed,none
262,restless,2,0.68549323,False,review_daily_schedule,next_transition
263,calm,3,0.8802129,False,no_action_needed,none
264,overwhelmed,4,0.8191093,False,suggest_short_break,immediate
265,focused,1,0.8932715,False,no_action_needed,none
266,neutral,3,0.8771854,False,no_action_needed,none
267,restless,1,0.70575345,False,review_daily_schedule,next_transition
268,mixed,1,0.80355394,False,log_gratitude_journal,evening
269,calm,4,0.8853414,False,maintain_momentum,none
270,mixed,5,0.81949425,False,log_gratitude_journal,evening
271,neutral,1,0.79328394,False,no_action_needed,none
272,calm,4,0.71844506,False,maintain_momentum,none
273,neutral,5,0.89589983,False,maintain_momentum,none
274,focused,3,0.8596635,False,no_action_needed,none
275,focused,2,0.70185107,False,no_action_needed,none
276,restless,1,0.89926875,False,review_daily_schedule,next_transition
277,neutral,3,0.81322527,False,no_action_needed,none
278,focused,1,0.9103285,False,no_action_needed,none
279,calm,5,0.8252076,False,maintain_momentum,none
280,neutral,1,0.83048415,False,no_action_needed,none
281,mixed,1,0.80760777,False,log_gratitude_journal,evening
282,restless,5,0.70607394,False,suggest_short_break,immediate
283,focused,3,0.85079646,False,no_action_needed,none
284,mixed,3,0.84979135,False,log_gratitude_journal,evening
285,calm,2,0.7306564,False,no_action_needed,none
286,neutral,4,0.7128646,False,maintain_momentum,none
287,overwhelmed,4,0.8701683,False,suggest_short_break,immediate
288,neutral,3,0.6913818,False,no_action_needed,none
289,calm,1,0.8517734,False,no_action_needed,none
290,neutral,3,0.89806354,False,no_action_needed,none
291,mixed,1,0.8850224,False,log_gratitude_journal,evening
292,overwhelmed,4,0.8673487,False,suggest_short_break,immediate
293,restless,4,0.71682775,False,suggest_short_break,immediate
294,calm,4,0.80131805,False,maintain_momentum,none
295,mixed,1,0.9140143,False,log_gratitude_journal,evening
296,overwhelmed,1,0.8828878,False,review_daily_schedule,next_transition
297,neutral,5,0.88258743,False,maintain_momentum,none
298,mixed,3,0.8783133,False,log_gratitude_journal,evening
299,focused,5,0.7077237,False,maintain_momentum,none
300,calm,2,0.883065,False,no_action_needed,none
301,calm,5,0.79363745,False,maintain_momentum,none
302,focused,4,0.73880255,False,maintain_momentum,none
303,neutral,1,0.7995677,False,no_action_needed,none
304,calm,3,0.79739773,False,no_action_needed,none
305,focused,1,0.7240306,False,no_action_needed,none
306,neutral,4,0.84819806,False,maintain_momentum,none
307,calm,5,0.7724859,False,maintain_momentum,none
308,focused,4,0.86300015,False,maintain_momentum,none
309,calm,5,0.7764605,False,maintain_momentum,none
310,neutral,2,0.79574335,False,no_action_needed,none
311,neutral,3,0.755088,False,no_action_needed,none
312,mixed,4,0.88759124,False,log_gratitude_journal,evening
313,neutral,5,0.92960835,False,maintain_momentum,none
314,neutral,4,0.8083638,False,maintain_momentum,none
315,overwhelmed,4,0.83245546,False,suggest_short_break,immediate
316,calm,5,0.8375487,False,maintain_momentum,none
317,neutral,2,0.76494443,False,no_action_needed,none
318,mixed,3,0.8776317,False,log_gratitude_journal,evening
319,neutral,2,0.93587023,False,no_action_needed,none
320,neutral,1,0.7411113,False,no_action_needed,none
321,neutral,3,0.80978143,False,no_action_needed,none
322,focused,5,0.81587434,False,maintain_momentum,none
323,calm,3,0.9212699,False,no_action_needed,none
324,calm,2,0.7096863,False,no_action_needed,none
325,focused,5,0.8143465,False,maintain_momentum,none
326,neutral,1,0.9510124,False,no_action_needed,none
327,overwhelmed,1,0.8177557,False,review_daily_schedule,next_transition
328,overwhelmed,4,0.7709657,False,suggest_short_break,immediate
329,overwhelmed,5,0.8373917,False,suggest_short_break,immediate
330,overwhelmed,2,0.86478233,False,review_daily_schedule,next_transition
331,focused,4,0.8253545,False,maintain_momentum,none
332,neutral,5,0.77454,False,maintain_momentum,none
333,neutral,5,0.62415993,False,maintain_momentum,none
334,neutral,1,0.9227356,False,no_action_needed,none
335,focused,2,0.84589016,False,no_action_needed,none
336,calm,2,0.74051595,False,no_action_needed,none
337,restless,2,0.7965671,False,review_daily_schedule,next_transition
338,restless,1,0.81134844,False,review_daily_schedule,next_transition
339,overwhelmed,5,0.7472986,False,suggest_short_break,immediate
340,neutral,3,0.786893,False,no_action_needed,none
341,restless,3,0.9279866,False,review_daily_schedule,next_transition
342,restless,5,0.7858882,False,suggest_short_break,immediate
343,focused,3,0.84262776,False,no_action_needed,none
344,restless,5,0.7240806,False,suggest_short_break,immediate
345,restless,1,0.86981386,False,review_daily_schedule,next_transition
346,calm,4,0.7856673,False,maintain_momentum,none
347,calm,2,0.89223856,False,no_action_needed,none
348,calm,4,0.7084389,False,maintain_momentum,none
349,restless,4,0.72173303,False,suggest_short_break,immediate
350,mixed,4,0.8739256,False,log_gratitude_journal,evening
351,mixed,1,0.7269132,False,log_gratitude_journal,evening
352,calm,4,0.892594,False,maintain_momentum,none
353,restless,3,0.8031412,False,review_daily_schedule,next_transition
354,overwhelmed,3,0.8050337,False,review_daily_schedule,next_transition
355,overwhelmed,2,0.8744087,False,review_daily_schedule,next_transition
356,mixed,2,0.76442313,False,log_gratitude_journal,evening
357,overwhelmed,5,0.852508,False,suggest_short_break,immediate
358,calm,4,0.89990246,False,maintain_momentum,none
359,focused,1,0.8068234,False,no_action_needed,none
360,overwhelmed,5,0.83517236,False,suggest_short_break,immediate
361,neutral,1,0.7634294,False,no_action_needed,none
362,calm,4,0.9208385,False,maintain_momentum,none
363,calm,1,0.8705244,False,no_action_needed,none
364,overwhelmed,1,0.8625002,False,review_daily_schedule,next_transition
365,overwhelmed,4,0.7631864,False,suggest_short_break,immediate
366,neutral,2,0.9148865,False,no_action_needed,none
367,neutral,2,0.9236361,False,no_action_needed,none
368,calm,5,0.7943141,False,maintain_momentum,none
369,focused,1,0.9051862,False,no_action_needed,none
370,mixed,2,0.74063337,False,log_gratitude_journal,evening
371,mixed,1,0.8667812,False,log_gratitude_journal,evening
372,focused,4,0.8146721,False,maintain_momentum,none
373,neutral,1,0.8610698,False,no_action_needed,none
374,mixed,3,0.81349045,False,log_gratitude_journal,evening
375,neutral,2,0.8957692,False,no_action_needed,none
376,mixed,1,0.9223107,False,log_gratitude_journal,evening
377,focused,5,0.77835625,False,maintain_momentum,none
378,calm,4,0.8208966,False,maintain_momentum,none
379,focused,1,0.91187215,False,no_action_needed,none
380,calm,2,0.83564067,False,no_action_needed,none
381,calm,2,0.7048827,False,no_action_needed,none
382,calm,3,0.81736135,False,no_action_needed,none
383,focused,1,0.9072447,False,no_action_needed,none
384,restless,3,0.8546213,False,review_daily_schedule,next_transition
385,neutral,2,0.8502516,False,no_action_needed,none
386,neutral,3,0.7928525,False,no_action_needed,none
387,restless,3,0.77192235,False,review_daily_schedule,next_transition
388,neutral,4,0.88903725,False,maintain_momentum,none
389,overwhelmed,2,0.770259,False,review_daily_schedule,next_transition
390,overwhelmed,5,0.84315634,False,suggest_short_break,immediate
391,calm,2,0.75281334,False,no_action_needed,none
392,focused,1,0.9362792,False,no_action_needed,none
393,focused,5,0.8225581,False,maintain_momentum,none
394,calm,1,0.9316923,False,no_action_needed,none
395,restless,4,0.7992573,False,suggest_short_break,immediate
396,restless,2,0.7904557,False,review_daily_schedule,next_transition
397,restless,5,0.74243414,False,suggest_short_break,immediate
398,overwhelmed,3,0.8818376,False,review_daily_schedule,next_transition
399,calm,3,0.77334785,False,no_action_needed,none
400,focused,4,0.73401546,False,maintain_momentum,none
401,overwhelmed,4,0.8985587,False,suggest_short_break,immediate
402,neutral,4,0.821887,False,maintain_momentum,none
403,focused,3,0.7785506,False,no_action_needed,none
404,focused,2,0.76755965,False,no_action_needed,none
405,focused,1,0.9109521,False,no_action_needed,none
406,overwhelmed,1,0.80212647,False,review_daily_schedule,next_transition
407,neutral,2,0.93003297,False,no_action_needed,none
408,overwhelmed,4,0.8654329,False,suggest_short_break,immediate
409,mixed,2,0.8736313,False,log_gratitude_journal,evening
410,mixed,4,0.7672635,False,log_gratitude_journal,evening
411,calm,3,0.8185822,False,no_action_needed,none
412,mixed,5,0.72137153,False,log_gratitude_journal,evening
413,restless,3,0.9468667,False,review_daily_schedule,next_transition
414,neutral,1,0.8152423,False,no_action_needed,none
415,focused,4,0.9045564,False,maintain_momentum,none
416,restless,5,0.83116853,False,suggest_short_break,immediate
417,overwhelmed,4,0.7780603,False,suggest_short_break,immediate
418,restless,4,0.9217629,False,suggest_short_break,immediate
419,restless,4,0.9236226,False,suggest_short_break,immediate
420,focused,2,0.6864031,False,no_action_needed,none
421,restless,2,0.7764921,False,review_daily_schedule,next_transition
422,mixed,1,0.8433521,False,log_gratitude_journal,evening
423,restless,4,0.7075643,False,suggest_short_break,immediate
424,mixed,3,0.9124713,False,log_gratitude_journal,evening
425,calm,5,0.9030627,False,maintain_momentum,none
426,focused,4,0.74693584,False,maintain_momentum,none
427,focused,4,0.7455857,False,maintain_momentum,none
428,focused,3,0.88014555,False,no_action_needed,none
429,overwhelmed,2,0.79028225,False,review_daily_schedule,next_transition
430,neutral,5,0.7825668,False,maintain_momentum,none
431,mixed,3,0.8503738,False,log_gratitude_journal,evening
432,neutral,2,0.8596155,False,no_action_needed,none
433,focused,4,0.75114024,False,maintain_momentum,none
434,neutral,4,0.83499163,False,maintain_momentum,none
435,neutral,2,0.9240019,False,no_action_needed,none
436,restless,2,0.8457611,False,review_daily_schedule,next_transition
437,restless,5,0.74090236,False,suggest_short_break,immediate
438,overwhelmed,5,0.86583805,False,suggest_short_break,immediate
439,neutral,2,0.8727245,False,no_action_needed,none
440,restless,5,0.8489259,False,suggest_short_break,immediate
441,neutral,5,0.8074491,False,maintain_momentum,none
442,mixed,1,0.8977288,False,log_gratitude_journal,evening
443,mixed,2,0.88072157,False,log_gratitude_journal,evening
444,focused,5,0.8281345,False,maintain_momentum,none
445,restless,1,0.8398166,False,review_daily_schedule,next_transition
446,restless,1,0.84683865,False,review_daily_schedule,next_transition
447,restless,2,0.9178357,False,review_daily_schedule,next_transition
448,calm,2,0.8440404,False,no_action_needed,none
449,focused,1,0.8211,False,no_action_needed,none
450,restless,3,0.74915075,False,review_daily_schedule,next_transition
451,neutral,4,0.909062,False,maintain_momentum,none
452,overwhelmed,4,0.8872632,False,suggest_short_break,immediate
453,mixed,2,0.83725053,False,log_gratitude_journal,evening
454,neutral,5,0.7705927,False,maintain_momentum,none
455,calm,5,0.76264393,False,maintain_momentum,none
456,mixed,4,0.80206275,False,log_gratitude_journal,evening
457,mixed,3,0.8643786,False,log_gratitude_journal,evening
458,restless,4,0.80377877,False,suggest_short_break,immediate
459,focused,3,0.8596523,False,no_action_needed,none
460,calm,1,0.70671695,False,no_action_needed,none
461,restless,2,0.8788704,False,review_daily_schedule,next_transition
462,neutral,2,0.961547,False,no_action_needed,none
463,neutral,2,0.9251424,False,no_action_needed,none
464,neutral,1,0.89020383,False,no_action_needed,none
465,calm,4,0.8682866,False,maintain_momentum,none
466,neutral,2,0.90866935,False,no_action_needed,none
467,restless,3,0.7781006,False,review_daily_schedule,next_transition
468,overwhelmed,3,0.85803103,False,review_daily_schedule,next_transition
469,overwhelmed,1,0.8269385,False,review_daily_schedule,next_transition
470,restless,2,0.7892145,False,review_daily_schedule,next_transition
471,restless,3,0.887583,False,review_daily_schedule,next_transition
472,focused,1,0.9789038,False,no_action_needed,none
473,calm,1,0.88779855,False,no_action_needed,none
474,overwhelmed,3,0.68176925,False,review_daily_schedule,next_transition
475,overwhelmed,4,0.8393714,False,suggest_short_break,immediate
476,mixed,5,0.8458907,False,log_gratitude_journal,evening
477,overwhelmed,3,0.80340725,False,review_daily_schedule,next_transition
478,overwhelmed,2,0.8485973,False,review_daily_schedule,next_transition
479,mixed,5,0.845303,False,log_gratitude_journal,evening
480,calm,5,0.778579,False,maintain_momentum,none
481,restless,1,0.7369588,False,review_daily_schedule,next_transition
482,focused,2,0.95394576,False,no_action_needed,none
483,restless,1,0.8361366,False,review_daily_schedule,next_transition
484,neutral,3,0.5809056,False,no_action_needed,none
485,neutral,1,0.6361111,False,no_action_needed,none
486,overwhelmed,4,0.44199347,True,prompt_manual_reflection,end_of_day
487,overwhelmed,3,0.632141,False,review_daily_schedule,next_transition
488,restless,4,0.54544395,False,suggest_short_break,immediate
489,calm,1,0.7478683,False,no_action_needed,none
490,focused,4,0.75643456,False,maintain_momentum,none
491,mixed,5,0.50998664,False,log_gratitude_journal,evening
492,neutral,5,0.7436655,False,maintain_momentum,none
493,restless,1,0.75546277,False,review_daily_schedule,next_transition
494,overwhelmed,2,0.7184665,False,review_daily_schedule,next_transition
495,neutral,2,0.6548902,False,no_action_needed,none
496,calm,5,0.61673015,False,maintain_momentum,none
497,focused,1,0.67490554,False,no_action_needed,none
498,focused,5,0.75439143,False,maintain_momentum,none
499,overwhelmed,3,0.8305019,False,review_daily_schedule,next_transition
500,calm,3,0.75389624,False,no_action_needed,none
501,overwhelmed,3,0.5001796,False,review_daily_schedule,next_transition
502,restless,2,0.8007551,False,review_daily_schedule,next_transition
503,overwhelmed,2,0.6012963,False,review_daily_schedule,next_transition
504,calm,1,0.65591973,False,no_action_needed,none
505,calm,2,0.81625414,False,no_action_needed,none
506,mixed,3,0.6961386,False,log_gratitude_journal,evening
507,calm,4,0.63766265,False,maintain_momentum,none
508,restless,5,0.5180109,False,suggest_short_break,immediate
509,focused,2,0.70312655,False,no_action_needed,none
510,calm,4,0.49947673,True,prompt_manual_reflection,end_of_day
511,calm,2,0.52842736,False,no_action_needed,none
512,calm,5,0.37801278,True,prompt_manual_reflection,end_of_day
513,restless,1,0.7657285,False,review_daily_schedule,next_transition
514,neutral,4,0.5012658,False,maintain_momentum,none
515,mixed,1,0.64190626,False,log_gratitude_journal,evening
516,overwhelmed,1,0.8431558,False,review_daily_schedule,next_transition
517,mixed,3,0.711076,False,log_gratitude_journal,evening
518,restless,4,0.7181033,False,suggest_short_break,immediate
519,restless,5,0.75523305,False,suggest_short_break,immediate
520,focused,1,0.595678,False,no_action_needed,none
521,focused,1,0.852695,False,no_action_needed,none
522,mixed,1,0.4321627,True,prompt_manual_reflection,end_of_day
523,neutral,3,0.6128941,False,no_action_needed,none
524,calm,5,0.5045269,False,maintain_momentum,none
525,calm,1,0.59290534,False,no_action_needed,none
526,neutral,5,0.82464665,False,maintain_momentum,none
527,mixed,3,0.54090273,False,log_gratitude_journal,evening
528,overwhelmed,4,0.52724993,False,suggest_short_break,immediate
529,calm,1,0.5905089,False,no_action_needed,none
530,calm,3,0.50173426,False,no_action_needed,none
531,restless,5,0.7286011,False,suggest_short_break,immediate
532,calm,3,0.41348457,True,prompt_manual_reflection,end_of_day
533,neutral,4,0.8065815,False,maintain_momentum,none
534,calm,3,0.5788331,False,no_action_needed,none
535,mixed,3,0.5473507,False,log_gratitude_journal,evening
536,focused,4,0.49937576,True,prompt_manual_reflection,end_of_day
537,restless,1,0.72784495,False,review_daily_schedule,next_transition
538,overwhelmed,2,0.8479774,False,review_daily_schedule,next_transition
539,neutral,5,0.75328946,False,maintain_momentum,none
540,focused,1,0.4836843,True,prompt_manual_reflection,end_of_day
541,overwhelmed,5,0.7423109,False,suggest_short_break,immediate
542,overwhelmed,4,0.74853384,False,suggest_short_break,immediate
543,mixed,3,0.54214203,False,log_gratitude_journal,evening
544,focused,3,0.81487817,False,no_action_needed,none
545,mixed,3,0.80139846,False,log_gratitude_journal,evening
546,overwhelmed,2,0.45274082,True,prompt_manual_reflection,end_of_day
547,focused,3,0.63917553,False,no_action_needed,none
548,neutral,1,0.64023125,False,no_action_needed,none
549,mixed,5,0.6749059,False,log_gratitude_journal,evening
550,neutral,1,0.5292551,False,no_action_needed,none
551,overwhelmed,5,0.495714,True,prompt_manual_reflection,end_of_day
552,mixed,2,0.4467447,True,prompt_manual_reflection,end_of_day
553,overwhelmed,2,0.70142126,False,review_daily_schedule,next_transition
554,calm,3,0.63211584,False,no_action_needed,none
555,focused,4,0.7109113,False,maintain_momentum,none
556,restless,1,0.73172325,False,review_daily_schedule,next_transition
557,restless,4,0.6541664,False,suggest_short_break,immediate
558,mixed,3,0.83432287,False,log_gratitude_journal,evening
559,calm,5,0.8514431,False,maintain_momentum,none
560,mixed,2,0.74941504,False,log_gratitude_journal,evening
561,neutral,1,0.55171764,False,no_action_needed,none
562,focused,2,0.46291897,True,prompt_manual_reflection,end_of_day
563,neutral,4,0.6772481,False,maintain_momentum,none
564,overwhelmed,1,0.46167254,True,prompt_manual_reflection,end_of_day
565,overwhelmed,3,0.8372193,False,review_daily_schedule,next_transition
566,neutral,4,0.58842826,False,maintain_momentum,none
567,overwhelmed,2,0.5978104,False,review_daily_schedule,next_transition
568,focused,3,0.5379039,False,no_action_needed,none
569,restless,5,0.7453544,False,suggest_short_break,immediate
570,calm,5,0.45241106,True,prompt_manual_reflection,end_of_day
571,mixed,4,0.70749795,False,log_gratitude_journal,evening
572,overwhelmed,1,0.54411435,False,review_daily_schedule,next_transition
573,focused,2,0.80599403,False,no_action_needed,none
574,restless,5,0.8594244,False,suggest_short_break,immediate
575,restless,4,0.5435792,False,suggest_short_break,immediate
576,neutral,5,0.61855304,False,maintain_momentum,none
577,mixed,3,0.61662996,False,log_gratitude_journal,evening
578,restless,4,0.69724476,False,suggest_short_break,immediate
579,neutral,4,0.76321626,False,maintain_momentum,none
580,calm,1,0.48653188,True,prompt_manual_reflection,end_of_day
581,calm,2,0.7722602,False,no_action_needed,none
582,calm,3,0.64107233,False,no_action_needed,none
583,neutral,2,0.7088315,False,no_action_needed,none
584,restless,3,0.8507236,False,review_daily_schedule,next_transition
585,neutral,2,0.73609793,False,no_action_needed,none
586,focused,4,0.5618881,False,maintain_momentum,none
587,calm,5,0.5832617,False,maintain_momentum,none
588,focused,2,0.8622375,False,no_action_needed,none
589,mixed,5,0.83217907,False,log_gratitude_journal,evening
590,mixed,1,0.65033245,False,log_gratitude_journal,evening
591,restless,2,0.59110355,False,review_daily_schedule,next_transition
592,calm,3,0.49230167,True,prompt_manual_reflection,end_of_day
593,overwhelmed,2,0.63260615,False,review_daily_schedule,next_transition
594,neutral,4,0.77259445,False,maintain_momentum,none
595,neutral,2,0.84622586,False,no_action_needed,none
596,mixed,1,0.50304294,False,log_gratitude_journal,evening
597,mixed,3,0.5986779,False,log_gratitude_journal,evening
598,calm,4,0.775585,False,maintain_momentum,none
599,overwhelmed,2,0.5340048,False,review_daily_schedule,next_transition
600,restless,1,0.83253115,False,review_daily_schedule,next_transition
601,overwhelmed,3,0.497827,True,prompt_manual_reflection,end_of_day
602,restless,4,0.44941077,True,prompt_manual_reflection,end_of_day
603,restless,5,0.6123443,False,suggest_short_break,immediate
604,restless,2,0.6021306,False,review_daily_schedule,next_transition
605,calm,1,0.6139406,False,no_action_needed,none
606,mixed,2,0.42521763,True,prompt_manual_reflection,end_of_day
607,restless,1,0.7189323,False,review_daily_schedule,next_transition
608,focused,3,0.5964526,False,no_action_needed,none
609,focused,5,0.5259074,False,maintain_momentum,none
610,focused,4,0.72480583,False,maintain_momentum,none
611,overwhelmed,1,0.4989739,True,prompt_manual_reflection,end_of_day
612,calm,3,0.6808206,False,no_action_needed,none
613,overwhelmed,2,0.5368876,False,review_daily_schedule,next_transition
614,mixed,5,0.57336134,False,log_gratitude_journal,evening
615,restless,5,0.47899804,True,prompt_manual_reflection,end_of_day
616,calm,1,0.7375464,False,no_action_needed,none
617,focused,2,0.70583946,False,no_action_needed,none
618,restless,4,0.609929,False,suggest_short_break,immediate
619,calm,2,0.502208,False,no_action_needed,none
620,focused,1,0.7649067,False,no_action_needed,none
621,calm,5,0.6457365,False,maintain_momentum,none
622,focused,5,0.7023715,False,maintain_momentum,none
623,overwhelmed,4,0.8289126,False,suggest_short_break,immediate
624,mixed,4,0.5261753,False,log_gratitude_journal,evening
625,restless,2,0.64405984,False,review_daily_schedule,next_transition
626,restless,2,0.5954964,False,review_daily_schedule,next_transition
627,neutral,1,0.7214187,False,no_action_needed,none
628,restless,4,0.808717,False,suggest_short_break,immediate
629,neutral,2,0.72893393,False,no_action_needed,none
630,neutral,4,0.38434008,True,prompt_manual_reflection,end_of_day
631,focused,1,0.6051506,False,no_action_needed,none
632,mixed,3,0.392346,True,prompt_manual_reflection,end_of_day
633,restless,1,0.7404364,False,review_daily_schedule,next_transition
634,restless,3,0.62570584,False,review_daily_schedule,next_transition
635,mixed,4,0.45293942,True,prompt_manual_reflection,end_of_day
636,overwhelmed,5,0.8180901,False,suggest_short_break,immediate
637,overwhelmed,3,0.47783345,True,prompt_manual_reflection,end_of_day
638,neutral,4,0.6074838,False,maintain_momentum,none
639,restless,2,0.45192078,True,prompt_manual_reflection,end_of_day
640,neutral,4,0.55583715,False,maintain_momentum,none
641,focused,4,0.70690835,False,maintain_momentum,none
642,neutral,2,0.6926142,False,no_action_needed,none
643,overwhelmed,1,0.67450285,False,review_daily_schedule,next_transition
644,calm,1,0.42568973,True,prompt_manual_reflection,end_of_day
645,calm,1,0.49102202,True,prompt_manual_reflection,end_of_day
646,overwhelmed,1,0.80471194,False,review_daily_schedule,next_transition
647,restless,4,0.7572916,False,suggest_short_break,immediate
648,restless,3,0.47587973,True,prompt_manual_reflection,end_of_day
649,calm,4,0.72936326,False,maintain_momentum,none
650,restless,5,0.7561416,False,suggest_short_break,immediate
651,restless,1,0.42525432,True,prompt_manual_reflection,end_of_day
652,restless,2,0.6522691,False,review_daily_schedule,next_transition
653,neutral,1,0.7322573,False,no_action_needed,none
654,focused,1,0.6801398,False,no_action_needed,none
655,restless,5,0.6906812,False,suggest_short_break,immediate
656,mixed,5,0.75662494,False,log_gratitude_journal,evening
657,restless,5,0.513187,False,suggest_short_break,immediate
658,focused,4,0.8508974,False,maintain_momentum,none
659,overwhelmed,3,0.5546025,False,review_daily_schedule,next_transition
660,mixed,1,0.656594,False,log_gratitude_journal,evening
661,restless,4,0.61811715,False,suggest_short_break,immediate
662,focused,4,0.67115164,False,maintain_momentum,none
663,restless,5,0.5348768,False,suggest_short_break,immediate
664,overwhelmed,4,0.44037664,True,prompt_manual_reflection,end_of_day
665,restless,4,0.63728356,False,suggest_short_break,immediate
666,mixed,4,0.6832049,False,log_gratitude_journal,evening
667,focused,4,0.6714505,False,maintain_momentum,none
668,neutral,2,0.66185117,False,no_action_needed,none
669,neutral,3,0.47288743,True,prompt_manual_reflection,end_of_day
670,focused,3,0.5564574,False,no_action_needed,none
671,overwhelmed,2,0.692878,False,review_daily_schedule,next_transition
672,restless,3,0.48151395,True,prompt_manual_reflection,end_of_day
673,restless,1,0.40830687,True,prompt_manual_reflection,end_of_day
674,mixed,4,0.8591843,False,log_gratitude_journal,evening
675,neutral,1,0.46384448,True,prompt_manual_reflection,end_of_day
676,mixed,2,0.7027061,False,log_gratitude_journal,evening
677,neutral,1,0.35570872,True,prompt_manual_reflection,end_of_day
678,calm,5,0.7963442,False,maintain_momentum,none
679,restless,1,0.5387831,False,review_daily_schedule,next_transition
680,neutral,2,0.6593008,False,no_action_needed,none
681,overwhelmed,2,0.42589146,True,prompt_manual_reflection,end_of_day
682,mixed,3,0.70884126,False,log_gratitude_journal,evening
683,focused,2,0.8222548,False,no_action_needed,none
684,mixed,3,0.55560803,False,log_gratitude_journal,evening
685,calm,1,0.78987086,False,no_action_needed,none
686,calm,3,0.47493827,True,prompt_manual_reflection,end_of_day
687,calm,2,0.49782413,True,prompt_manual_reflection,end_of_day
688,restless,5,0.60971093,False,suggest_short_break,immediate
689,calm,1,0.7432283,False,no_action_needed,none
690,calm,5,0.7747782,False,maintain_momentum,none
691,focused,4,0.5117784,False,maintain_momentum,none
692,calm,4,0.6008276,False,maintain_momentum,none
693,neutral,3,0.871899,False,no_action_needed,none
694,calm,2,0.7514086,False,no_action_needed,none
695,neutral,4,0.66187584,False,maintain_momentum,none
696,restless,5,0.6659026,False,suggest_short_break,immediate
697,calm,2,0.7218921,False,no_action_needed,none
698,restless,1,0.63695014,False,review_daily_schedule,next_transition
699,focused,3,0.71237975,False,no_action_needed,none
700,overwhelmed,5,0.7972715,False,suggest_short_break,immediate
701,focused,4,0.57252884,False,maintain_momentum,none
702,mixed,4,0.37951645,True,prompt_manual_reflection,end_of_day
703,calm,4,0.4531927,True,prompt_manual_reflection,end_of_day
704,focused,3,0.79054177,False,no_action_needed,none
705,calm,1,0.5536534,False,no_action_needed,none
706,calm,2,0.8297767,False,no_action_needed,none
707,mixed,1,0.5622574,False,log_gratitude_journal,evening
708,overwhelmed,4,0.61652076,False,suggest_short_break,immediate
709,restless,1,0.6256429,False,review_daily_schedule,next_transition
710,restless,3,0.5226968,False,review_daily_schedule,next_transition
711,calm,5,0.52955043,False,maintain_momentum,none
712,restless,1,0.71699774,False,review_daily_schedule,next_transition
713,mixed,1,0.56497717,False,log_gratitude_journal,evening
714,overwhelmed,5,0.4667176,True,prompt_manual_reflection,end_of_day
715,restless,2,0.6230239,False,review_daily_schedule,next_transition
716,restless,2,0.61080027,False,review_daily_schedule,next_transition
717,mixed,1,0.7796898,False,log_gratitude_journal,evening
718,focused,4,0.5713862,False,maintain_momentum,none
719,neutral,1,0.8818728,False,no_action_needed,none
720,mixed,2,0.59545606,False,log_gratitude_journal,evening
721,focused,4,0.89792395,False,maintain_momentum,none
722,calm,5,0.7771784,False,maintain_momentum,none
723,overwhelmed,5,0.40040058,True,prompt_manual_reflection,end_of_day
724,restless,5,0.5442326,False,suggest_short_break,immediate
725,neutral,1,0.8680816,False,no_action_needed,none
726,restless,3,0.33310652,True,prompt_manual_reflection,end_of_day
727,restless,2,0.5245713,False,review_daily_schedule,next_transition
728,neutral,2,0.58290744,False,no_action_needed,none
729,neutral,4,0.40529555,True,prompt_manual_reflection,end_of_day
730,restless,3,0.7634678,False,review_daily_schedule,next_transition
731,overwhelmed,3,0.4072753,True,prompt_manual_reflection,end_of_day
732,restless,1,0.38963377,True,prompt_manual_reflection,end_of_day
733,neutral,5,0.44120598,True,prompt_manual_reflection,end_of_day
734,mixed,3,0.8549124,False,log_gratitude_journal,evening
735,focused,3,0.41498262,True,prompt_manual_reflection,end_of_day
736,focused,5,0.5447264,False,maintain_momentum,none
737,calm,1,0.64282817,False,no_action_needed,none
738,calm,5,0.4219807,True,prompt_manual_reflection,end_of_day
739,mixed,1,0.76924837,False,log_gratitude_journal,evening
740,overwhelmed,2,0.63546836,False,review_daily_schedule,next_transition
741,restless,4,0.75235784,False,suggest_short_break,immediate
742,focused,5,0.56648827,False,maintain_momentum,none
743,overwhelmed,2,0.67007613,False,review_daily_schedule,next_transition
744,focused,5,0.5984862,False,maintain_momentum,none
745,restless,2,0.65517527,False,review_daily_schedule,next_transition
746,overwhelmed,2,0.8044711,False,review_daily_schedule,next_transition
747,restless,1,0.54415977,False,review_daily_schedule,next_transition
748,mixed,2,0.46496844,True,prompt_manual_reflection,end_of_day
749,calm,2,0.82039756,False,no_action_needed,none
750,restless,1,0.49626935,True,prompt_manual_reflection,end_of_day
751,restless,4,0.5090445,False,suggest_short_break,immediate
752,restless,2,0.6805482,False,review_daily_schedule,next_transition
753,neutral,3,0.46771625,True,prompt_manual_reflection,end_of_day
754,neutral,3,0.86327183,False,no_action_needed,none
755,neutral,5,0.44969705,True,prompt_manual_reflection,end_of_day
756,overwhelmed,3,0.6265381,False,review_daily_schedule,next_transition
757,focused,2,0.79704756,False,no_action_needed,none
758,neutral,5,0.6012467,False,maintain_momentum,none
759,calm,3,0.4522335,True,prompt_manual_reflection,end_of_day
760,focused,2,0.39366058,True,prompt_manual_reflection,end_of_day
761,neutral,4,0.7171756,False,maintain_momentum,none
762,overwhelmed,3,0.59798527,False,review_daily_schedule,next_transition
763,overwhelmed,3,0.6176429,False,review_daily_schedule,next_transition
764,overwhelmed,4,0.48725414,True,prompt_manual_reflection,end_of_day
765,restless,1,0.83662355,False,review_daily_schedule,next_transition
766,mixed,5,0.51026255,False,log_gratitude_journal,evening
767,restless,3,0.6553496,False,review_daily_schedule,next_transition
768,neutral,5,0.7377361,False,maintain_momentum,none
769,calm,5,0.8688964,False,maintain_momentum,none
770,mixed,1,0.64017135,False,log_gratitude_journal,evening
771,mixed,2,0.5401542,False,log_gratitude_journal,evening
772,mixed,5,0.8088252,False,log_gratitude_journal,evening
773,restless,2,0.69496584,False,review_daily_schedule,next_transition
774,calm,4,0.6582366,False,maintain_momentum,none
775,overwhelmed,5,0.5171679,False,suggest_short_break,immediate
776,overwhelmed,1,0.5317693,False,review_daily_schedule,next_transition
777,restless,2,0.74440193,False,review_daily_schedule,next_transition
778,mixed,1,0.45958337,True,prompt_manual_reflection,end_of_day
779,focused,1,0.81950116,False,no_action_needed,none
780,restless,4,0.7104169,False,suggest_short_break,immediate
781,calm,1,0.55669886,False,no_action_needed,none
782,neutral,2,0.8243517,False,no_action_needed,none
783,neutral,5,0.62764865,False,maintain_momentum,none
784,restless,4,0.6648734,False,suggest_short_break,immediate
785,mixed,3,0.4375617,True,prompt_manual_reflection,end_of_day
786,focused,4,0.804165,False,maintain_momentum,none
787,calm,1,0.68481743,False,no_action_needed,none
788,calm,2,0.4871658,True,prompt_manual_reflection,end_of_day
789,focused,1,0.8687092,False,no_action_needed,none
790,mixed,1,0.5323821,False,log_gratitude_journal,evening
791,restless,5,0.71238667,False,suggest_short_break,immediate
792,neutral,5,0.61183774,False,maintain_momentum,none
793,focused,2,0.33270365,True,prompt_manual_reflection,end_of_day
794,focused,2,0.642511,False,no_action_needed,none
795,focused,5,0.54066324,False,maintain_momentum,none
796,focused,2,0.7261174,False,no_action_needed,none
797,focused,2,0.76310223,False,no_action_needed,none
798,focused,1,0.5758469,False,no_action_needed,none
799,neutral,4,0.74709165,False,maintain_momentum,none
800,restless,2,0.7618747,False,review_daily_schedule,next_transition
801,focused,3,0.64600456,False,no_action_needed,none
802,focused,3,0.78670436,False,no_action_needed,none
803,calm,2,0.8627621,False,no_action_needed,none
804,neutral,1,0.67107683,False,no_action_needed,none
805,calm,2,0.59946555,False,no_action_needed,none
806,overwhelmed,3,0.58044964,False,review_daily_schedule,next_transition
807,calm,2,0.70814836,False,no_action_needed,none
808,mixed,4,0.7933593,False,log_gratitude_journal,evening
809,calm,4,0.80791456,False,maintain_momentum,none
810,restless,3,0.501078,False,review_daily_schedule,next_transition
811,neutral,2,0.5027968,False,no_action_needed,none
812,mixed,3,0.4792437,True,prompt_manual_reflection,end_of_day
813,calm,2,0.7373239,False,no_action_needed,none
814,mixed,2,0.46910298,True,prompt_manual_reflection,end_of_day
815,focused,1,0.6963258,False,no_action_needed,none
816,calm,2,0.52501994,False,no_action_needed,none
817,neutral,3,0.44674972,True,prompt_manual_reflection,end_of_day
818,mixed,3,0.44148573,True,prompt_manual_reflection,end_of_day
819,focused,2,0.66891706,False,no_action_needed,none
820,neutral,5,0.6673952,False,maintain_momentum,none
821,calm,1,0.53910595,False,no_action_needed,none
822,calm,4,0.57885313,False,maintain_momentum,none
823,calm,3,0.47852778,True,prompt_manual_reflection,end_of_day
824,mixed,4,0.5738475,False,log_gratitude_journal,evening
825,neutral,4,0.75800693,False,maintain_momentum,none
826,calm,3,0.4900381,True,prompt_manual_reflection,end_of_day
827,overwhelmed,1,0.46913874,True,prompt_manual_reflection,end_of_day
828,overwhelmed,1,0.5740928,False,review_daily_schedule,next_transition
829,mixed,5,0.7860218,False,log_gratitude_journal,evening
830,focused,3,0.7348771,False,no_action_needed,none
831,calm,3,0.9103855,False,no_action_needed,none
832,calm,1,0.615022,False,no_action_needed,none
833,focused,4,0.8090104,False,maintain_momentum,none
834,restless,3,0.77697307,False,review_daily_schedule,next_transition
835,mixed,5,0.54578316,False,log_gratitude_journal,evening
836,neutral,1,0.53182155,False,no_action_needed,none
837,neutral,4,0.59701276,False,maintain_momentum,none
838,overwhelmed,3,0.68289214,False,review_daily_schedule,next_transition
839,focused,1,0.7401425,False,no_action_needed,none
840,overwhelmed,5,0.5513109,False,suggest_short_break,immediate
721,neutral,2,0.68721527,False,no_action_needed,none
722,focused,4,0.5894631,False,maintain_momentum,none
723,restless,3,0.84582365,False,review_daily_schedule,next_transition
724,mixed,1,0.8334641,False,log_gratitude_journal,evening
725,neutral,4,0.8058206,False,maintain_momentum,none
726,calm,5,0.8378324,False,maintain_momentum,none
727,overwhelmed,3,0.80381125,False,review_daily_schedule,next_transition
728,focused,3,0.92006344,False,no_action_needed,none
729,focused,1,0.6641641,False,no_action_needed,none
730,overwhelmed,3,0.91587687,False,review_daily_schedule,next_transition
731,calm,5,0.8050815,False,maintain_momentum,none
732,overwhelmed,5,0.8993654,False,suggest_short_break,immediate
733,focused,3,0.93923926,False,no_action_needed,none
734,restless,3,0.60688424,False,review_daily_schedule,next_transition
735,restless,5,0.48565653,True,prompt_manual_reflection,end_of_day
736,calm,4,0.8930692,False,maintain_momentum,none
737,focused,3,0.9177294,False,no_action_needed,none
738,neutral,1,0.8808004,False,no_action_needed,none
739,restless,4,0.85531485,False,suggest_short_break,immediate
740,focused,1,0.76163864,False,no_action_needed,none
741,mixed,3,0.8484237,False,log_gratitude_journal,evening
742,mixed,3,0.7965102,False,log_gratitude_journal,evening
743,overwhelmed,5,0.8899915,False,suggest_short_break,immediate
744,neutral,2,0.6506851,False,no_action_needed,none
745,calm,2,0.91116595,False,no_action_needed,none
746,overwhelmed,2,0.8216193,False,review_daily_schedule,next_transition
747,calm,5,0.6422988,False,maintain_momentum,none
748,calm,3,0.62622976,False,no_action_needed,none
749,mixed,3,0.7230291,False,log_gratitude_journal,evening
750,neutral,5,0.47134876,True,prompt_manual_reflection,end_of_day
751,mixed,4,0.5449326,False,log_gratitude_journal,evening
752,mixed,5,0.85755014,False,log_gratitude_journal,evening
753,mixed,1,0.78548306,False,log_gratitude_journal,evening
754,focused,1,0.7918367,False,no_action_needed,none
755,neutral,1,0.66746515,False,no_action_needed,none
756,mixed,1,0.67863345,False,log_gratitude_journal,evening
757,restless,5,0.85479033,False,suggest_short_break,immediate
758,mixed,5,0.87272006,False,log_gratitude_journal,evening
759,overwhelmed,1,0.7802905,False,review_daily_schedule,next_transition
760,focused,1,0.6631269,False,no_action_needed,none
761,focused,2,0.78097224,False,no_action_needed,none
762,focused,4,0.7904886,False,maintain_momentum,none
763,neutral,4,0.91681767,False,maintain_momentum,none
764,focused,2,0.62448454,False,no_action_needed,none
765,focused,3,0.78577185,False,no_action_needed,none
766,mixed,5,0.8468371,False,log_gratitude_journal,evening
767,neutral,5,0.77606344,False,maintain_momentum,none
768,restless,2,0.40546775,True,prompt_manual_reflection,end_of_day
769,overwhelmed,3,0.7694608,False,review_daily_schedule,next_transition
770,neutral,3,0.8327174,False,no_action_needed,none
771,neutral,2,0.7303568,False,no_action_needed,none
772,restless,4,0.82347643,False,suggest_short_break,immediate
773,calm,3,0.9011912,False,no_action_needed,none
774,overwhelmed,2,0.92988926,False,review_daily_schedule,next_transition
775,restless,4,0.9063804,False,suggest_short_break,immediate
776,restless,1,0.81720304,False,review_daily_schedule,next_transition
777,restless,1,0.8696448,False,review_daily_schedule,next_transition
778,overwhelmed,1,0.5987241,False,review_daily_schedule,next_transition
779,calm,4,0.87043786,False,maintain_momentum,none
780,overwhelmed,1,0.77924985,False,review_daily_schedule,next_transition
781,overwhelmed,2,0.6478416,False,review_daily_schedule,next_transition
782,restless,2,0.89875543,False,review_daily_schedule,next_transition
783,neutral,1,0.4691236,True,prompt_manual_reflection,end_of_day
784,focused,1,0.83591247,False,no_action_needed,none
785,neutral,5,0.8301564,False,maintain_momentum,none
786,mixed,4,0.8481016,False,log_gratitude_journal,evening
787,overwhelmed,1,0.73307985,False,review_daily_schedule,next_transition
788,restless,1,0.7191295,False,review_daily_schedule,next_transition
789,restless,4,0.74739444,False,suggest_short_break,immediate
790,restless,1,0.81150866,False,review_daily_schedule,next_transition
791,neutral,5,0.83364326,False,maintain_momentum,none
792,calm,3,0.9463378,False,no_action_needed,none
793,restless,4,0.82261944,False,suggest_short_break,immediate
794,mixed,4,0.8585377,False,log_gratitude_journal,evening
795,focused,5,0.73311317,False,maintain_momentum,none
796,mixed,3,0.89075196,False,log_gratitude_journal,evening
797,calm,4,0.6533996,False,maintain_momentum,none
798,mixed,3,0.50579536,False,log_gratitude_journal,evening
799,mixed,4,0.75782895,False,log_gratitude_journal,evening
800,overwhelmed,3,0.8514483,False,review_daily_schedule,next_transition
801,focused,3,0.7681804,False,no_action_needed,none
802,restless,3,0.8935779,False,review_daily_schedule,next_transition
803,calm,1,0.653693,False,no_action_needed,none
804,calm,3,0.8155819,False,no_action_needed,none
805,overwhelmed,4,0.78195167,False,suggest_short_break,immediate
806,overwhelmed,2,0.6226382,False,review_daily_schedule,next_transition
807,calm,3,0.39817452,True,prompt_manual_reflection,end_of_day
808,restless,3,0.7559632,False,review_daily_schedule,next_transition
809,mixed,1,0.90888083,False,log_gratitude_journal,evening
810,focused,3,0.523243,False,no_action_needed,none
811,focused,4,0.72274435,False,maintain_momentum,none
812,mixed,2,0.792519,False,log_gratitude_journal,evening
813,mixed,2,0.9196523,False,log_gratitude_journal,evening
814,calm,3,0.6271353,False,no_action_needed,none
815,focused,5,0.8970567,False,maintain_momentum,none
816,calm,1,0.75179714,False,no_action_needed,none
817,neutral,3,0.75446004,False,no_action_needed,none
818,restless,4,0.80982727,False,suggest_short_break,immediate
819,neutral,5,0.8573466,False,maintain_momentum,none
820,calm,3,0.89921993,False,no_action_needed,none
821,focused,2,0.84372747,False,no_action_needed,none
822,focused,4,0.86583567,False,maintain_momentum,none
823,overwhelmed,1,0.83200824,False,review_daily_schedule,next_transition
824,overwhelmed,4,0.86473733,False,suggest_short_break,immediate
825,focused,5,0.74381304,False,maintain_momentum,none
826,focused,4,0.74047834,False,maintain_momentum,none
827,calm,4,0.541148,False,maintain_momentum,none
828,overwhelmed,1,0.91162694,False,review_daily_schedule,next_transition
829,mixed,1,0.87964094,False,log_gratitude_journal,evening
830,neutral,4,0.7876605,False,maintain_momentum,none
831,focused,3,0.9258822,False,no_action_needed,none
832,focused,5,0.8038997,False,maintain_momentum,none
833,overwhelmed,4,0.65850365,False,suggest_short_break,immediate
834,neutral,5,0.6909555,False,maintain_momentum,none
835,restless,5,0.8837784,False,suggest_short_break,immediate
836,restless,4,0.8033182,False,suggest_short_break,immediate
837,mixed,3,0.73064667,False,log_gratitude_journal,evening
838,overwhelmed,3,0.8999978,False,review_daily_schedule,next_transition
839,overwhelmed,4,0.45091057,True,prompt_manual_reflection,end_of_day
840,calm,3,0.87816215,False,no_action_needed,none
841,focused,1,0.8658789,False,no_action_needed,none
842,overwhelmed,3,0.7719322,False,review_daily_schedule,next_transition
843,neutral,5,0.8283497,False,maintain_momentum,none
844,mixed,5,0.8599912,False,log_gratitude_journal,evening
845,restless,4,0.8624414,False,suggest_short_break,immediate
846,calm,3,0.7943795,False,no_action_needed,none
847,mixed,1,0.7173592,False,log_gratitude_journal,evening
848,restless,4,0.41316766,True,prompt_manual_reflection,end_of_day
849,neutral,3,0.8631499,False,no_action_needed,none
850,overwhelmed,4,0.68651956,False,suggest_short_break,immediate
851,calm,2,0.5166211,False,no_action_needed,none
852,calm,2,0.42671672,True,prompt_manual_reflection,end_of_day
853,mixed,2,0.6519667,False,log_gratitude_journal,evening
854,neutral,4,0.4330154,True,prompt_manual_reflection,end_of_day
855,calm,2,0.8354025,False,no_action_needed,none
856,neutral,4,0.55966794,False,maintain_momentum,none
857,focused,5,0.437563,True,prompt_manual_reflection,end_of_day
858,mixed,1,0.6926892,False,log_gratitude_journal,evening
859,mixed,1,0.8733399,False,log_gratitude_journal,evening
860,restless,5,0.82817674,False,suggest_short_break,immediate
861,focused,2,0.9150671,False,no_action_needed,none
862,mixed,5,0.71999407,False,log_gratitude_journal,evening
863,overwhelmed,3,0.8388722,False,review_daily_schedule,next_transition
864,calm,3,0.8952737,False,no_action_needed,none
865,neutral,4,0.8015747,False,maintain_momentum,none
866,calm,3,0.7293252,False,no_action_needed,none
867,restless,5,0.77700615,False,suggest_short_break,immediate
868,overwhelmed,3,0.50156736,False,review_daily_schedule,next_transition
869,calm,2,0.47046572,True,prompt_manual_reflection,end_of_day
870,focused,4,0.4729966,True,prompt_manual_reflection,end_of_day
871,neutral,1,0.6956994,False,no_action_needed,none
872,focused,2,0.9386459,False,no_action_needed,none
873,restless,1,0.86931497,False,review_daily_schedule,next_transition
874,neutral,4,0.8424697,False,maintain_momentum,none
875,mixed,5,0.4807744,True,prompt_manual_reflection,end_of_day
876,focused,2,0.8025527,False,no_action_needed,none
877,restless,1,0.6655544,False,review_daily_schedule,next_transition
878,overwhelmed,3,0.9078617,False,review_daily_schedule,next_transition
879,neutral,4,0.8678613,False,maintain_momentum,none
880,overwhelmed,3,0.93187535,False,review_daily_schedule,next_transition
881,calm,4,0.6259111,False,maintain_momentum,none
882,overwhelmed,3,0.94580317,False,review_daily_schedule,next_transition
883,overwhelmed,2,0.7702222,False,review_daily_schedule,next_transition
884,mixed,1,0.53747827,False,log_gratitude_journal,evening
885,calm,2,0.81396973,False,no_action_needed,none
886,neutral,3,0.8398191,False,no_action_needed,none
887,calm,2,0.54513586,False,no_action_needed,none
888,neutral,4,0.7555214,False,maintain_momentum,none
889,overwhelmed,4,0.8456169,False,suggest_short_break,immediate
890,restless,1,0.5988976,False,review_daily_schedule,next_transition
891,calm,2,0.8393509,False,no_action_needed,none
892,overwhelmed,4,0.8325293,False,suggest_short_break,immediate
893,neutral,1,0.80211127,False,no_action_needed,none
894,restless,5,0.8494065,False,suggest_short_break,immediate
895,calm,5,0.77945197,False,maintain_momentum,none
896,restless,5,0.8471489,False,suggest_short_break,immediate
897,calm,4,0.8521184,False,maintain_momentum,none
898,mixed,5,0.81557333,False,log_gratitude_journal,evening
899,calm,4,0.7591824,False,maintain_momentum,none
900,restless,4,0.8042909,False,suggest_short_break,immediate
901,neutral,2,0.60757005,False,no_action_needed,none
902,restless,2,0.72479236,False,review_daily_schedule,next_transition
903,restless,5,0.9205778,False,suggest_short_break,immediate
904,overwhelmed,1,0.8051767,False,review_daily_schedule,next_transition
905,overwhelmed,5,0.8538363,False,suggest_short_break,immediate
906,focused,5,0.83936584,False,maintain_momentum,none
907,restless,4,0.87213314,False,suggest_short_break,immediate
908,overwhelmed,2,0.8197124,False,review_daily_schedule,next_transition
909,focused,4,0.8849788,False,maintain_momentum,none
910,overwhelmed,1,0.522466,False,review_daily_schedule,next_transition
911,focused,3,0.90024424,False,no_action_needed,none
912,overwhelmed,5,0.73201495,False,suggest_short_break,immediate
913,focused,4,0.82680416,False,maintain_momentum,none
914,mixed,1,0.5521874,False,log_gratitude_journal,evening
915,restless,5,0.90435064,False,suggest_short_break,immediate
916,mixed,4,0.71585935,False,log_gratitude_journal,evening
917,mixed,2,0.8245012,False,log_gratitude_journal,evening
918,calm,3,0.8859031,False,no_action_needed,none
919,restless,4,0.85126394,False,suggest_short_break,immediate
920,restless,4,0.50289196,False,suggest_short_break,immediate
921,overwhelmed,4,0.87008786,False,suggest_short_break,immediate
922,focused,4,0.63779116,False,maintain_momentum,none
923,neutral,3,0.9088955,False,no_action_needed,none
924,overwhelmed,3,0.8655758,False,review_daily_schedule,next_transition
925,restless,2,0.84056723,False,review_daily_schedule,next_transition
926,restless,3,0.56040204,False,review_daily_schedule,next_transition
927,calm,2,0.9295111,False,no_action_needed,none
928,overwhelmed,4,0.889854,False,suggest_short_break,immediate
929,neutral,3,0.792909,False,no_action_needed,none
930,overwhelmed,2,0.81577504,False,review_daily_schedule,next_transition
931,focused,4,0.8407267,False,maintain_momentum,none
932,restless,5,0.8934437,False,suggest_short_break,immediate
933,focused,4,0.8061065,False,maintain_momentum,none
934,overwhelmed,2,0.85136247,False,review_daily_schedule,next_transition
935,focused,4,0.63398296,False,maintain_momentum,none
936,restless,4,0.86297655,False,suggest_short_break,immediate
937,mixed,4,0.7756079,False,log_gratitude_journal,evening
938,focused,5,0.46350342,True,prompt_manual_reflection,end_of_day
939,mixed,1,0.5983273,False,log_gratitude_journal,evening
940,overwhelmed,4,0.86363226,False,suggest_short_break,immediate
941,neutral,2,0.70719355,False,no_action_needed,none
942,overwhelmed,2,0.6799575,False,review_daily_schedule,next_transition
943,overwhelmed,1,0.83729684,False,review_daily_schedule,next_transition
944,restless,2,0.8500269,False,review_daily_schedule,next_transition
945,mixed,1,0.45081934,True,prompt_manual_reflection,end_of_day
946,overwhelmed,4,0.82736534,False,suggest_short_break,immediate
947,calm,5,0.74918556,False,maintain_momentum,none
948,mixed,2,0.5797661,False,log_gratitude_journal,evening
949,mixed,5,0.8283774,False,log_gratitude_journal,evening
950,mixed,3,0.8272692,False,log_gratitude_journal,evening
951,mixed,3,0.9028946,False,log_gratitude_journal,evening
952,calm,2,0.8678167,False,no_action_needed,none
953,overwhelmed,1,0.86306036,False,review_daily_schedule,next_transition
954,overwhelmed,3,0.85455334,False,review_daily_schedule,next_transition
955,mixed,2,0.80697757,False,log_gratitude_journal,evening
956,focused,4,0.7841666,False,maintain_momentum,none
957,restless,1,0.7792891,False,review_daily_schedule,next_transition
958,overwhelmed,5,0.928565,False,suggest_short_break,immediate
959,overwhelmed,4,0.8507283,False,suggest_short_break,immediate
960,mixed,3,0.7275436,False,log_gratitude_journal,evening
961,overwhelmed,3,0.7840725,False,review_daily_schedule,next_transition
962,neutral,2,0.91952217,False,no_action_needed,none
963,restless,3,0.73535854,False,review_daily_schedule,next_transition
964,neutral,4,0.84325254,False,maintain_momentum,none
965,calm,2,0.46817303,True,prompt_manual_reflection,end_of_day
966,overwhelmed,2,0.65621656,False,review_daily_schedule,next_transition
967,calm,4,0.82800555,False,maintain_momentum,none
968,overwhelmed,3,0.7769762,False,review_daily_schedule,next_transition
969,calm,4,0.53181607,False,maintain_momentum,none
970,focused,5,0.81392443,False,maintain_momentum,none
971,restless,5,0.5527915,False,suggest_short_break,immediate
972,restless,5,0.8726221,False,suggest_short_break,immediate
973,restless,3,0.9279282,False,review_daily_schedule,next_transition
974,focused,2,0.8361591,False,no_action_needed,none
975,overwhelmed,1,0.8395007,False,review_daily_schedule,next_transition
976,mixed,1,0.5310589,False,log_gratitude_journal,evening
977,focused,2,0.91611433,False,no_action_needed,none
978,calm,1,0.82921994,False,no_action_needed,none
979,mixed,1,0.7140273,False,log_gratitude_journal,evening
980,mixed,3,0.57843125,False,log_gratitude_journal,evening
981,mixed,3,0.96555406,False,log_gratitude_journal,evening
982,neutral,4,0.89760303,False,maintain_momentum,none
983,calm,5,0.8657217,False,maintain_momentum,none
984,focused,5,0.6434108,False,maintain_momentum,none
985,calm,1,0.6375414,False,no_action_needed,none
986,calm,5,0.44028497,True,prompt_manual_reflection,end_of_day
987,focused,5,0.8841742,False,maintain_momentum,none
988,mixed,5,0.94369423,False,log_gratitude_journal,evening
989,neutral,4,0.84009755,False,maintain_momentum,none
990,restless,2,0.8668331,False,review_daily_schedule,next_transition
991,overwhelmed,4,0.84605426,False,suggest_short_break,immediate
992,overwhelmed,2,0.5222746,False,review_daily_schedule,next_transition
993,calm,5,0.83138174,False,maintain_momentum,none
994,overwhelmed,1,0.8810451,False,review_daily_schedule,next_transition
995,focused,2,0.53696775,False,no_action_needed,none
996,mixed,2,0.57562625,False,log_gratitude_journal,evening
997,mixed,3,0.93643266,False,log_gratitude_journal,evening
998,overwhelmed,5,0.7422308,False,suggest_short_break,immediate
999,neutral,4,0.8017129,False,maintain_momentum,none
1000,mixed,3,0.7650072,False,log_gratitude_journal,evening
1001,focused,1,0.85259545,False,no_action_needed,none
1002,restless,2,0.77613735,False,review_daily_schedule,next_transition
1003,restless,5,0.83907014,False,suggest_short_break,immediate
1004,neutral,4,0.8316136,False,maintain_momentum,none
1005,calm,5,0.8236822,False,maintain_momentum,none
1006,neutral,5,0.82364106,False,maintain_momentum,none
1007,mixed,1,0.7590852,False,log_gratitude_journal,evening
1008,calm,4,0.8403162,False,maintain_momentum,none
1009,mixed,1,0.89696133,False,log_gratitude_journal,evening
1010,neutral,1,0.77533615,False,no_action_needed,none
1011,neutral,1,0.5340536,False,no_action_needed,none
1012,focused,1,0.8806243,False,no_action_needed,none
1013,focused,1,0.83429253,False,no_action_needed,none
1014,calm,1,0.51734227,False,no_action_needed,none
1015,overwhelmed,4,0.70071864,False,suggest_short_break,immediate
1016,restless,4,0.47620493,True,prompt_manual_reflection,end_of_day
1017,overwhelmed,1,0.93063587,False,review_daily_schedule,next_transition
1018,calm,3,0.8333062,False,no_action_needed,none
1019,neutral,4,0.8256469,False,maintain_momentum,none
1020,overwhelmed,4,0.75915074,False,suggest_short_break,immediate
1021,calm,4,0.8143109,False,maintain_momentum,none
1022,restless,4,0.816676,False,suggest_short_break,immediate
1023,mixed,5,0.6628502,False,log_gratitude_journal,evening
1024,overwhelmed,5,0.8453518,False,suggest_short_break,immediate
1025,neutral,3,0.76886284,False,no_action_needed,none
1026,focused,1,0.88030505,False,no_action_needed,none
1027,mixed,5,0.7802489,False,log_gratitude_journal,evening
1028,restless,5,0.8434939,False,suggest_short_break,immediate
1029,neutral,5,0.7791222,False,maintain_momentum,none
1030,mixed,5,0.76302534,False,log_gratitude_journal,evening
1031,restless,1,0.8352535,False,review_daily_schedule,next_transition
1032,calm,4,0.5527215,False,maintain_momentum,none
1033,calm,2,0.84534585,False,no_action_needed,none
1034,neutral,3,0.89162743,False,no_action_needed,none
1035,calm,3,0.7259687,False,no_action_needed,none
1036,focused,1,0.59412324,False,no_action_needed,none
1037,calm,2,0.67541754,False,no_action_needed,none
1038,neutral,4,0.8762537,False,maintain_momentum,none
1039,mixed,1,0.9307425,False,log_gratitude_journal,evening
1040,restless,1,0.88766855,False,review_daily_schedule,next_transition
1041,mixed,4,0.4836558,True,prompt_manual_reflection,end_of_day
1042,mixed,1,0.80270976,False,log_gratitude_journal,evening
1043,mixed,2,0.7426981,False,log_gratitude_journal,evening
1044,restless,5,0.88728756,False,suggest_short_break,immediate
1045,focused,5,0.93381584,False,maintain_momentum,none
1046,neutral,5,0.84827507,False,maintain_momentum,none
1047,neutral,5,0.8327366,False,maintain_momentum,none
1048,calm,1,0.6639087,False,no_action_needed,none
1049,overwhelmed,5,0.8999506,False,suggest_short_break,immediate
1050,focused,3,0.6081124,False,no_action_needed,none
1051,neutral,3,0.79593194,False,no_action_needed,none
1052,calm,1,0.60423374,False,no_action_needed,none
1053,restless,2,0.463521,True,prompt_manual_reflection,end_of_day
1054,mixed,5,0.8613514,False,log_gratitude_journal,evening
1055,overwhelmed,5,0.4566953,True,prompt_manual_reflection,end_of_day
1056,restless,3,0.695821,False,review_daily_schedule,next_transition
1057,neutral,5,0.82402736,False,maintain_momentum,none
1058,mixed,5,0.6343243,False,log_gratitude_journal,evening
1059,neutral,5,0.86519,False,maintain_momentum,none
1060,calm,1,0.61539084,False,no_action_needed,none
1061,focused,1,0.838946,False,no_action_needed,none
1062,neutral,5,0.7920126,False,maintain_momentum,none
1063,neutral,4,0.9101797,False,maintain_momentum,none
1064,neutral,4,0.7393749,False,maintain_momentum,none
1065,focused,4,0.60501844,False,maintain_momentum,none
1066,neutral,3,0.8322356,False,no_action_needed,none
1067,mixed,4,0.84912026,False,log_gratitude_journal,evening
1068,mixed,3,0.6656018,False,log_gratitude_journal,evening
1069,focused,1,0.44205123,True,prompt_manual_reflection,end_of_day
1070,neutral,1,0.6622177,False,no_action_needed,none
1071,mixed,4,0.9265579,False,log_gratitude_journal,evening
1072,overwhelmed,4,0.49256516,True,prompt_manual_reflection,end_of_day
1073,calm,5,0.87358594,False,maintain_momentum,none
1074,calm,1,0.51842284,False,no_action_needed,none
1075,restless,5,0.423447,True,prompt_manual_reflection,end_of_day
1076,calm,5,0.82838494,False,maintain_momentum,none
1077,calm,2,0.8805702,False,no_action_needed,none
1078,mixed,2,0.51410717,False,log_gratitude_journal,evening
1079,neutral,5,0.8117884,False,maintain_momentum,none
1080,mixed,5,0.8279687,False,log_gratitude_journal,evening
